{
	"powers": [
		"beeorigin:flight",
		"origins:slow_falling",
		"beeorigin:poisonous",
		"beeorigin:poison",
		"beeorigin:bloom",
		"beeorigin:honey",
		"beeorigin:food",
		"beeorigin:hold",
		"beeorigin:plant",
		"beeorigin:lifespan",
		"origins:water_vulnerability",
		"beeorigin:nighttime",
		"beeorigin:fire",
		"beeorigin:hot",
		"beeorigin:death",
		"beeorigin:small",
		"beeorigin:bees",
		"beeorigin:particles",
		"beeorigin:credits"


		
	],
	"icon": "minecraft:honeycomb",
	"order": 7,
	"impact": 3,
	"name": "Evolved Bumblebee",
	"description":"This is the Bumblebee origin, but better. More powers, more setbacks!"
}