{
  "type": "origins:action_over_time",
  "entity_action": 
	{
		"type": "origins:apply_effect",
		"effect": {
			"effect": "minecraft:saturation",
			"duration": 3,
			"show_particles": false,
			"amplifier": 0,
			"show_icon": false
		}
	},
  "interval": 40,
  "condition": {
    "type": "origins:block_in_radius",
    "block_condition": {
      "type": "origins:in_tag",
      "tag": "minecraft:flowers"
    },
    "radius": "9",
    "shape": "cube",
    "comparison": ">=",
    "compare_to": 9
  },
  "name": "Bloom",
  "description": "Have you ever wanted to find an excuse to just chill on a flower field? Well, now it's actually a requirement! You have to be near at least 9 flowers to heal and saturate."
  
}