{
  "type": "origins:damage_over_time",
  "interval": 140,
  "name": "Water",
  "description": "You're damaged by water, but don't worry, it's not as bad as you think",
  "onset_delay": 1,
  "damage": 1,
  "damage_easy": 0.5,
  "damage_source": {
    "name": "hurt_by_water",
    "unblockable": true,
    "bypasses_armor": true
  },
  "protection_enchantment": "origins:water_protection",
  "protection_effectiveness": 1.0,
  "condition": {
    "type": "origins:or",
    "conditions": [
      {
        "type": "origins:fluid_height",
        "fluid": "minecraft:water",
        "comparison": ">",
        "compare_to": 0.0
      },
      {
        "type": "origins:in_rain"
      }
    ]
  }
}