{
	"type": "origins:stacking_status_effect",
	"min_stacks": 0,
	"max_stacks": 1,
	"duration_per_stack": 20,
	"name": "Daytime",
	"description": "You're a nocturnal animal. There's not much else to say.",
	"effects": [{
			"effect": "minecraft:slowness",
			"amplifier": 1,
			"is_ambient": true,
			"show_particles": false,
			"show_icon": true
		},
		{
			"effect": "minecraft:weakness",
			"amplifier": 0,
			"is_ambient": true,
			"show_particles": false,
			"show_icon": true
		}
	],
	"condition": {
		"type": "origins:and",
		"conditions": [{
				"type": "origins:exposed_to_sky"
			},
			{
				"type": "origins:daytime",
				"inverted": false
			}
		]
	}
}