{
    "type": "origins:stacking_status_effect",
    "min_stacks": 0,
    "max_stacks": 1,
    "duration_per_stack": 20,
    "effects": [
        {
            "effect": "minecraft:strength",
            "is_ambient": true,
            "show_particles": false,
            "show_icon": true
        },
        {
            "effect": "minecraft:speed",
            "is_ambient": true,
            "show_particles": false,
            "show_icon": true,
			"amplifier": 1
        }
    ],
    "condition": {
        "type": "origins:and",
        "conditions": [
            {
                "type": "origins:exposed_to_sky"
            },
            {
                "type": "origins:daytime",
                "inverted": true
            }
        ]
    },
	"name": "Nighttime",
	"description": "You feel the best at night!"
    
}