{
    "type": "origins:action_over_time",
    "entity_action": {
        "type": "origins:and",
        "actions":[
        {       
            "type": "origins:execute_command",
            "command": "team join bee @e[type=minecraft:bee,team=!bee]",
            "permission_level": 4
        },
        {
            "type": "origins:execute_command",
            "command": "team join bee @e[type=minecraft:bee,team=!bee]",
            "permission_level": 4
        }
        ]
    },
    "interval": 2,
    "hidden": true
}