{
	"type": "origins:stacking_status_effect",
	"min_stacks": 0,
	"max_stacks": 2,
	"duration_per_stack": 30,
	"effects": [
		{
			"effect": "minecraft:slowness",
			"amplifier": 3,
			"is_ambient": true,
			"show_particles": false,
			"show_icon": true
		},
		{
			"effect": "minecraft:hunger",
			"amplifier": 3,
			"is_ambient": true,
			"show_particles": false,
			"show_icon": true
		},
		{
			"effect": "minecraft:weakness",
			"amplifier": 3,
			"is_ambient": true,
			"show_particles": false,
			"show_icon": true
		}
	],
	"condition": {
		"type": "origins:in_rain"
	},
	"name": "Rain",
	"description": "Bees dislike rain, but they can still be outside. But like I said, they REALLY dislike it."
}