{
	"type": "origins:active_self",
	"entity_action": {
  "type": "origins:and",
  "actions": [
    {
      "type": "origins:execute_command",
      "command": "kill @p[distance=..10,sort=nearest]",
	  "permission_level": 4
    },
    {    
      "type": "origins:execute_command",
      "command": "kill @s",
	  "permission_level": 4
      }
    
  ]
	},
	 
	"cooldown": 1600,
	"key": {
        "key": "key.origins.primary_active",
        "continuous": false
	},
	"hud_render": {
		"should_render": false
	},
	"name": "Death",
	"description": "Woah it's the meme death button. I sure hope it won't be pressed (you can murder someone within 10 block radius but you'll also die)""
	}